﻿{"cameraMode":{"drawMode":0,"name":"Shaded","section":"Shading Mode"},"sceneLighting":true,"audioPlay":false,"sceneViewState":{"showFog":true,"showMaterialUpdate":false,"showSkybox":true,"showFlares":true,"showImageEffects":true,"showParticleSystems":true},"in2DMode":false,"pivot":{"x":-0.15053151547908784,"y":0.44817256927490237,"z":0.41651666164398196},"rotation":{"x":-0.012827666476368904,"y":0.9859181642532349,"z":-0.1402541548013687,"w":-0.09016432613134384},"size":0.9639613032341003,"orthographic":false}